{"currentWeek": "W12", "lastRefreshed": "2026-03-21", "oitYTD2026": 8272020.5900000045, "oitFY2025": 72625385.09000008, "oitFY2024": 82515225.55999997, "openPipelineTotal": 343546501.8000003, "openPipelineCount": 2499, "wonDeals2026": 200, "rtCY_W12": 7445256.92, "rtBT_W12": 10339909.04, "rtPY_W12": 10509015.05, "plannedRecoCount": 2451, "sapOrderCount": 1716}